Hashtag,EarliestTime,LatestTime,Count,,
,,,,,
#Baaghi2tomorrow,Thu Mar 29 03:29:40 2018,Fri Mar 30 09:34:02 2018,4463,,2
,,,,,
#Urvashirautela,Tue Mar 20 09:12:07 2018,Fri Mar 30 10:07:37 2018,897,,11
,,,,,
#BanitaSandhu,Tue Mar 20 10:17:07 2018,Fri Mar 30 10:08:38 2018,1437,,11
,,,,,
#SyeRaaNarasimhaReddy,Tue Mar 20 10:28:55 2018,Fri Mar 30 10:19:40 2018,7161,,11
,,,,,
#ThursdayThoughts,Fri Mar 30 04:29:44 2018,Fri Mar 30 11:08:58 2018,11254,,1
,,,,,
#NTRBiopic,Tue Mar 27 16:23:33 2018,Fri Mar 30 12:33:59 2018,15695,,4
,,,,,
#IEC2018,Wed Mar 21 09:41:54 2018,Fri Mar 30 14:57:53 2018,9090,,10
,,,,,
#MalalaYousafzai,Thu Mar 29 08:59:25 2018,Fri Mar 30 15:50:41 2018,26950,,3
,,,,,
#indianRailway,Tue Mar 20 17:38:27 2018,Sat Mar 31 00:54:01 2018,551,,12
,,,,,
#SaferRoadsSaferYou,Thu Mar 29 04:09:19 2018,Sat Mar 31 01:34:13 2018,4165,,3
,,,,,
#CauveryWaterManagement,Fri Mar 30 21:29:34 2018,Sat Mar 31 02:23:31 2018,164,,2
,,,,,
#PinkyLalwani,Thu Mar 29 00:53:55 2018,Sat Mar 31 01:39:45 2018,627,,3
,,,,,
ST Act,Sun Mar 25 02:19:44 2018,Sat Mar 31 02:43:02 2018,24754,,7
,,,,,
#Indigo,Wed Mar 21 03:02:03 2018,Sat Mar 31 05:03:54 2018,1988,,11
,,,,,
#WednesdayWisdom,Thu Mar 29 21:55:36 2018,Sat Mar 31 06:02:45 2018,13553,,3
,,,,,
#BhimraoRamjiAmbedkar,Wed Mar 28 12:45:41 2018,Sat Mar 31 07:19:17 2018,2035,,4
,,,,,
#BallTamperingScandal,Sun Mar 25 09:11:52 2018,Sat Mar 31 07:58:51 2018,15522,,7
,,,,,
#DarrenLehmann,Thu Mar 22 04:30:04 2018,Sat Mar 31 09:26:58 2018,2481,,10
,,,,,
#DavidWarner,Fri Mar 30 04:55:40 2018,Sat Mar 31 09:21:45 2018,2861,,2
,,,,,
CJI Dipak Misra,Tue Mar 27 18:37:55 2018,Sun Apr 01 03:21:45 2018,28555,,6
,,,,,
#TDPFormationDay ,Tue Mar 27 12:42:04 2018,Sun Apr 01 05:43:05 2018,9165,,6
,,,,,
#SackMamataGovt,Wed Mar 28 21:14:50 2018,Sun Apr 01 08:00:25 2018,16134,,5
,,,,,
#NYIAS2018,Tue Mar 20 07:09:56 2018,Fri Mar 30 07:27:46 2018,6860,,11
,,,,,
#One plus 6,Tue Mar 20 07:03:45 2018,Fri Mar 30 07:55:00 2018,2294,,11
,,,,,
i Pad,Wed Mar 28 05:25:58 2018,Fri Mar 30 08:24:33 2018,7826,,3
,,,,,
OneLifeOneRupay,Mon Mar 19 14:58:04 2018,Fri Mar 30 09:12:18 2018,3009,,22
,,,,,
#ChandaKochhar,Tue Mar 20 05:06:10 2018,Fri Mar 30 11:58:58 2018,2151,,11
,,,,,
#MahavirJayanti,Fri Mar 30 02:11:59 2018,Fri Mar 30 12:34:24 2018,10355,,1
,,,,,
#GoodFriday,Fri Mar 30 13:33:57 2018,Fri Mar 30 13:51:00 2018,6871,,1
,,,,,
#CoolItDown,Tue Mar 20 17:40:05 2018,Fri Mar 30 15:39:38 2018,977,,11
,,,,,
Rs 18 170,Fri Mar 23 19:23:56 2018,Fri Mar 30 16:40:44 2018,231,,8
,,,,,
100 DAYS FOR DHONI BDAY,Thu Mar 29 14:35:21 2018,Fri Mar 30 16:58:31 2018,523,,2
,,,,,
#ISRO,Tue Mar 20 13:57:10 2018,Fri Mar 30 17:33:04 2018,8801,,11
,,,,,
#GSAT6A,Fri Mar 30 06:48:28 2018,Sat Mar 31 05:15:01 2018,2673,,2
,,,,,
#Leak_Hai_Kya,Fri Mar 30 15:10:06 2018,Sat Mar 31 06:08:56 2018,2630,,2
,,,,,
Class X,Thu Mar 22 22:45:13 2018,Sat Mar 31 06:25:17 2018,29071,,10
,,,,,
CBSERetest,Wed Mar 28 09:48:44 2018,Sat Mar 31 16:24:40 2018,9051,,4
,,,,,
CBSEPaperLeak,Sat Mar 31 13:21:06 2018,Sun Apr 01 04:46:22 2018,10774,,2
,,,,,
Staff Selection Commission,Thu Mar 22 06:18:14 2018,Sun Apr 01 07:01:40 2018,2633,,11
,,,,,
#WeWantAskVirat,Fri Mar 30 15:55:05 2018,Sun Apr 01 10:25:45 2018,7915,,3
,,,,,
March4Education,Thu Mar 29 14:34:45 2018,Sun Apr 01 07:49:01 2018,4068,,4
,,,,,
#GhaziabadThanksAkhilesh,Fri Mar 30 07:31:21 2018,Sun Apr 01 11:23:54 2018,10316,,3
,,,,,
39 Indians,Mon Mar 26 17:51:32 2018,Sun Apr 01 13:02:25 2018,10726,,7
,,,,,
#PolariseForVotes,Thu Mar 29 14:06:29 2018,Sun Apr 01 17:46:43 2018,1054,,4
